#,Player,Pos,Team,1,2,3,4,5,6,7,8,9,10,11,12,13,14,15,16,17,18,AVG,TTL,,,,
1,Lamar Jackson,QB,BAL,29.4,26.3,,,,,,,,,,,,,,,,,27.8,55.7,Lamar Jackson,,26.3,29.4
2,Daniel Jones,QB,IND,29.5,22.8,,,,,,,,,,,,,,,,,26.2,52.3,Daniel Jones,,22.8,29.5
3,Josh Allen,QB,BUF,38.8,11.8,,,,,,,,,,,,,,,,,25.3,50.6,Josh Allen,,11.8,38.8
4,Patrick Mahomes II,QB,KC,26,23.1,,,,,,,,,,,,,,,,,24.6,49.1,Patrick Mahomes II,QB:KC,23.1,26
5,Justin Herbert,QB,LAC,27.9,18.8,,,,,,,,,,,,,,,,,23.4,46.7,Justin Herbert,,18.8,27.9
6,Jared Goff,QB,DET,11.9,34,,,,,,,,,,,,,,,,,22.9,45.9,Jared Goff,,11.9,34
7,Baker Mayfield,QB,TB,22.6,19.9,,,,,,,,,,,,,,,,,21.2,42.5,Baker Mayfield,,19.9,22.6
8,Russell Wilson,QB,NYG,11.1,31.3,,,,,,,,,,,,,,,,,21.2,42.4,Russell Wilson,QB:NYG,11.1,31.3
9,Caleb Williams,QB,CHI,24.2,18,,,,,,,,,,,,,,,,,21.1,42.2,Caleb Williams,,18,24.2
10,Drake Maye,QB,NE,15.8,26.3,,,,,,,,,,,,,,,,,21,42.1,Drake Maye,,15.8,26.3
11,James Cook III,RB,BUF,16.2,25.5,,,,,,,,,,,,,,,,,20.9,41.7,James Cook III,,16.2,25.5
12,Jayden Daniels,QB,WAS,20.1,19.7,,,,,,,,,,,,,,,,,19.9,39.8,Jayden Daniels,,19.7,20.1
13,Aaron Rodgers,QB,PIT,25.7,12.4,,,,,,,,,,,,,,,,,19,38.1,Aaron Rodgers,,12.4,25.7
14,Javonte Williams,RB,DAL,18.4,19,,,,,,,,,,,,,,,,,18.7,37.4,Javonte Williams,,18.4,19
15,Jonathan Taylor,RB,IND,9.8,27.5,,,,,,,,,,,,,,,,,18.7,37.3,Jonathan Taylor,,9.8,27.5
16,Jordan Love,QB,GB,15.9,20.9,,,,,,,,,,,,,,,,,18.4,36.8,Jordan Love,,15.9,20.9
17,Jalen Hurts,QB,PHI,24.3,11.5,,,,,,,,,,,,,,,,,17.9,35.8,Jalen Hurts,,11.5,24.3
17,Malik Nabers,WR,NYG,7.1,28.7,,,,,,,,,,,,,,,,,17.9,35.8,Malik Nabers,WR:NYG,7.1,28.7
19,Bijan Robinson,RB,ATL,18.4,16.8,,,,,,,,,,,,,,,,,17.6,35.2,Bijan Robinson,,16.8,18.4
20,Amon-Ra St. Brown,WR,DET,4.5,30.2,,,,,,,,,,,,,,,,,17.4,34.7,Amon-Ra St. Brown,,4.5,30.2
21,Rome Odunze,WR,CHI,9.7,24.8,,,,,,,,,,,,,,,,,17.3,34.5,Rome Odunze,,9.7,24.8
22,Spencer Shrader,K,IND,16,18,,,,,,,,,,,,,,,,,17,34,Spencer Shrader,,16,18
23,Justin Fields,QB,NYJ,29.5,4,,,,,,,,,,,,,,,,,16.8,33.5,Justin Fields,,4,29.5
24,Kyler Murray,QB,ARI,18.3,15,,,,,,,,,,,,,,,,,16.7,33.3,Kyler Murray,,15,18.3
25,Spencer Rattler,QB,NO,11.5,21.7,,,,,,,,,,,,,,,,,16.6,33.1,Spencer Rattler,,11.5,21.7
26,Brandon Aubrey,K,DAL,11,22,,,,,,,,,,,,,,,,,16.5,33,Brandon Aubrey,,11,22
27,Quentin Johnston,WR,LAC,19.9,12.9,,,,,,,,,,,,,,,,,16.4,32.8,Quentin Johnston,,12.9,19.9
28,Puka Nacua,WR,LAR,13.1,19.6,,,,,,,,,,,,,,,,,16.4,32.7,Puka Nacua,,13.1,19.6
29,Trevor Lawrence,QB,JAC,11.3,21.2,,,,,,,,,,,,,,,,,16.3,32.6,Trevor Lawrence,,11.3,21.2
30,Bryce Young,QB,CAR,10.2,22.3,,,,,,,,,,,,,,,,,16.2,32.5,Bryce Young,,10.2,22.3
31,Joey Slye,K,TEN,15,17,,,,,,,,,,,,,,,,,16,32,Joey Slye,,15,17
32,Matthew Stafford,QB,LAR,13.6,18.3,,,,,,,,,,,,,,,,,16,31.9,Matthew Stafford,,13.6,18.3
33,De'Von Achane,RB,MIA,13.5,18.2,,,,,,,,,,,,,,,,,15.9,31.7,De'Von Achane,,13.5,18.2
34,Dak Prescott,QB,DAL,7.8,23.1,,,,,,,,,,,,,,,,,15.5,31,Dak Prescott,,7.8,23.1
35,Christian McCaffrey,RB,SF,14.2,16.7,,,,,,,,,,,,,,,,,15.5,30.9,Christian McCaffrey,,14.2,16.7
36,Derrick Henry,RB,BAL,28.2,2.3,,,,,,,,,,,,,,,,,15.3,30.5,Derrick Henry,,2.3,28.2
36,Travis Etienne Jr.,RB,JAC,15.6,14.9,,,,,,,,,,,,,,,,,15.3,30.5,Travis Etienne Jr.,,14.9,15.6
38,Bo Nix,QB,DEN,8.8,21.2,,,,,,,,,,,,,,,,,15,30.1,Bo Nix,,8.8,21.2
39,Saquon Barkley,RB,PHI,14.4,15.4,,,,,,,,,,,,,,,,,14.9,29.8,Saquon Barkley,,14.4,15.4
40,Michael Penix Jr.,QB,ATL,24,5.3,,,,,,,,,,,,,,,,,14.7,29.3,Michael Penix Jr.,,5.3,24
41,Zay Flowers,WR,BAL,21.1,7.9,,,,,,,,,,,,,,,,,14.5,29,Zay Flowers,,7.9,21.1
42,Chuba Hubbard,RB,CAR,14.9,13.7,,,,,,,,,,,,,,,,,14.3,28.6,Chuba Hubbard,,13.7,14.9
43,Emeka Egbuka,WR,TB,19.6,8.9,,,,,,,,,,,,,,,,,14.3,28.5,Emeka Egbuka,,8.9,19.6
44,J.J. McCarthy,QB,MIN,23.2,4.8,,,,,,,,,,,,,,,,,14,28,J.J. McCarthy,,4.8,23.2
45,Josh Jacobs,RB,GB,13,14.4,,,,,,,,,,,,,,,,,13.7,27.4,Josh Jacobs,,13,14.4
46,J.K. Dobbins,RB,DEN,12.8,14.5,,,,,,,,,,,,,,,,,13.7,27.3,J.K. Dobbins,,12.8,14.5
47,Tua Tagovailoa,QB,MIA,7.3,19.6,,,,,,,,,,,,,,,,,13.4,26.9,Tua Tagovailoa,,7.3,19.6
48,Tucker Kraft,TE,GB,7.9,18.4,,,,,,,,,,,,,,,,,13.2,26.3,Tucker Kraft,,7.9,18.4
49,Deebo Samuel Sr.,WR,WAS,15.6,10.4,,,,,,,,,,,,,,,,,13,26,Deebo Samuel Sr.,,10.4,15.6
49,Chris Boswell,K,PIT,14,12,,,,,,,,,,,,,,,,,13,26,Chris Boswell,,12,14
49,Matt Prater,K,BUF,12,14,,,,,,,,,,,,,,,,,13,26,Matt Prater,,12,14
52,Wan'Dale Robinson,WR,NYG,5.5,20.2,,,,,,,,,,,,,,,,,12.9,25.7,Wan'Dale Robinson,WR:NYG,5.5,20.2
53,Jaylen Warren,RB,PIT,11.9,13.4,,,,,,,,,,,,,,,,,12.7,25.3,Jaylen Warren,,11.9,13.4
54,Ja'Marr Chase,WR,CIN,2.6,22.5,,,,,,,,,,,,,,,,,12.6,25.1,Ja'Marr Chase,,2.6,22.5
55,Cam Little,K,JAC,15,10,,,,,,,,,,,,,,,,,12.5,25,Cam Little,,10,15
55,Tyler Loop,K,BAL,13,12,,,,,,,,,,,,,,,,,12.5,25,Tyler Loop,,12,13
57,Keenan Allen,WR,LAC,12.8,12.1,,,,,,,,,,,,,,,,,12.5,24.9,Keenan Allen,,12.1,12.8
58,C.J. Stroud,QB,HOU,9.7,15,,,,,,,,,,,,,,,,,12.4,24.7,C.J. Stroud,,9.7,15
59,Geno Smith,QB,LV,18.5,6.2,,,,,,,,,,,,,,,,,12.3,24.7,Geno Smith,,6.2,18.5
60,Joe Flacco,QB,CLE,14.2,9.8,,,,,,,,,,,,,,,,,12,24,Joe Flacco,,9.8,14.2
61,Sam Darnold,QB,SEA,5.4,17.8,,,,,,,,,,,,,,,,,11.6,23.2,Sam Darnold,,5.4,17.8
62,Ka'imi Fairbairn,K,HOU,14,9,,,,,,,,,,,,,,,,,11.5,23,Ka'imi Fairbairn,,9,14
62,Daniel Carlson,K,LV,11,12,,,,,,,,,,,,,,,,,11.5,23,Daniel Carlson,,11,12
64,Bucky Irving,RB,TB,10.5,12.1,,,,,,,,,,,,,,,,,11.3,22.6,Bucky Irving,,10.5,12.1
65,CeeDee Lamb,WR,DAL,11,11.2,,,,,,,,,,,,,,,,,11.1,22.2,CeeDee Lamb,,11,11.2
66,Seattle Seahawks,DST,SEA,8,14,,,,,,,,,,,,,,,,,11,22,Seattle Seahawks,,8,14
66,Atlanta Falcons,DST,ATL,1,21,,,,,,,,,,,,,,,,,11,22,Atlanta Falcons,,1,21
68,DeAndre Hopkins,WR,BAL,9.5,12.4,,,,,,,,,,,,,,,,,11,21.9,DeAndre Hopkins,,9.5,12.4
69,Mac Jones,QB,SF,-,21.8,,,,,,,,,,,,,,,,,21.8,21.8,Mac Jones,,21.8,21.8
70,Davante Adams,WR,LAR,5.1,16.6,,,,,,,,,,,,,,,,,10.9,21.7,Davante Adams,,5.1,16.6
70,Alvin Kamara,RB,NO,11.7,10,,,,,,,,,,,,,,,,,10.9,21.7,Alvin Kamara,,10,11.7
72,James Conner,RB,ARI,10.4,11.2,,,,,,,,,,,,,,,,,10.8,21.6,James Conner,,10.4,11.2
73,Jahmyr Gibbs,RB,DET,5,16.4,,,,,,,,,,,,,,,,,10.7,21.4,Jahmyr Gibbs,,5,16.4
74,Chad Ryland,K,ARI,11,10,,,,,,,,,,,,,,,,,10.5,21,Chad Ryland,,10,11
74,Graham Gano,K,NYG,8,13,,,,,,,,,,,,,,,,,10.5,21,Graham Gano,K:NYG,8,13
74,Zach Ertz,TE,WAS,8.6,12.4,,,,,,,,,,,,,,,,,10.5,21,Zach Ertz,,8.6,12.4
77,Kyren Williams,RB,LAR,12.9,8,,,,,,,,,,,,,,,,,10.5,20.9,Kyren Williams,,8,12.9
78,Jake Browning,QB,CIN,-,20.7,,,,,,,,,,,,,,,,,20.7,20.7,Jake Browning,,20.7,20.7
79,Jaxon Smith-Njigba,WR,SEA,10.4,10.3,,,,,,,,,,,,,,,,,10.4,20.7,Jaxon Smith-Njigba,,10.3,10.4
80,Garrett Wilson,WR,NYJ,15.5,5,,,,,,,,,,,,,,,,,10.3,20.5,Garrett Wilson,,5,15.5
81,Troy Franklin,WR,DEN,4.4,16,,,,,,,,,,,,,,,,,10.2,20.4,Troy Franklin,,4.4,16
82,Kenneth Walker III,RB,SEA,2.4,17.8,,,,,,,,,,,,,,,,,10.1,20.2,Kenneth Walker III,,2.4,17.8
83,New England Patriots,DST,NE,7,13,,,,,,,,,,,,,,,,,10,20,New England Patriots,,7,13
83,Jake Elliott,K,PHI,8,12,,,,,,,,,,,,,,,,,10,20,Jake Elliott,,8,12
83,Brandon McManus,K,GB,9,11,,,,,,,,,,,,,,,,,10,20,Brandon McManus,,9,11
86,Keon Coleman,WR,BUF,17.2,2.6,,,,,,,,,,,,,,,,,9.9,19.8,Keon Coleman,,2.6,17.2
87,Jameson Williams,WR,DET,2.6,16.8,,,,,,,,,,,,,,,,,9.7,19.4,Jameson Williams,,2.6,16.8
87,Cedric Tillman,WR,CLE,11.2,8.2,,,,,,,,,,,,,,,,,9.7,19.4,Cedric Tillman,,8.2,11.2
89,Nick Chubb,RB,HOU,6,13.2,,,,,,,,,,,,,,,,,9.6,19.2,Nick Chubb,,6,13.2
90,Jacksonville Jaguars,DST,JAC,11,8,,,,,,,,,,,,,,,,,9.5,19,Jacksonville Jaguars,,8,11
90,Los Angeles Rams,DST,LAR,11,8,,,,,,,,,,,,,,,,,9.5,19,Los Angeles Rams,,8,11
92,Justin Jefferson,WR,MIN,10.8,8.1,,,,,,,,,,,,,,,,,9.5,18.9,Justin Jefferson,,8.1,10.8
92,Rhamondre Stevenson,RB,NE,2.7,16.2,,,,,,,,,,,,,,,,,9.5,18.9,Rhamondre Stevenson,,2.7,16.2
94,Brock Purdy,QB,SF,18.8,-,,,,,,,,,,,,,,,,,18.8,18.8,Brock Purdy,,18.8,18.8
95,Juwan Johnson,TE,NO,7.6,10.9,,,,,,,,,,,,,,,,,9.3,18.5,Juwan Johnson,,7.6,10.9
96,Dyami Brown,WR,JAC,5.8,12.6,,,,,,,,,,,,,,,,,9.2,18.4,Dyami Brown,,5.8,12.6
97,Breece Hall,RB,NYJ,14.5,3.8,,,,,,,,,,,,,,,,,9.2,18.3,Breece Hall,,3.8,14.5
98,Parker Romo,K,ATL,-,18,,,,,,,,,,,,,,,,,18,18,Parker Romo,,18,18
98,Arizona Cardinals,DST,ARI,5,13,,,,,,,,,,,,,,,,,9,18,Arizona Cardinals,,5,13
98,Harrison Butker,K,KC,11,7,,,,,,,,,,,,,,,,,9,18,Harrison Butker,K:KC,7,11
98,Michael Pittman Jr.,WR,IND,14,4,,,,,,,,,,,,,,,,,9,18,Michael Pittman Jr.,,4,14
102,Hunter Renfrow,WR,CAR,1.1,16.8,,,,,,,,,,,,,,,,,9,17.9,Hunter Renfrow,,1.1,16.8
102,Kayshon Boutte,WR,NE,10.3,7.6,,,,,,,,,,,,,,,,,9,17.9,Kayshon Boutte,,7.6,10.3
104,Chase Brown,RB,CIN,11.1,6.5,,,,,,,,,,,,,,,,,8.8,17.6,Chase Brown,,6.5,11.1
105,D'Andre Swift,RB,CHI,6.5,10.9,,,,,,,,,,,,,,,,,8.7,17.4,D'Andre Swift,,6.5,10.9
106,Dylan Sampson,RB,CLE,9.3,7.9,,,,,,,,,,,,,,,,,8.6,17.2,Dylan Sampson,,7.9,9.3
107,Andy Borregales,K,NE,8,9,,,,,,,,,,,,,,,,,8.5,17,Andy Borregales,,8,9
107,Will Reichard,K,MIN,9,8,,,,,,,,,,,,,,,,,8.5,17,Will Reichard,,8,9
107,Jake Bates,K,DET,7,10,,,,,,,,,,,,,,,,,8.5,17,Jake Bates,,7,10
107,Jason Myers,K,SEA,8,9,,,,,,,,,,,,,,,,,8.5,17,Jason Myers,,8,9
107,Cameron Dicker,K,LAC,9,8,,,,,,,,,,,,,,,,,8.5,17,Cameron Dicker,,8,9
112,Tetairoa McMillan,WR,CAR,6.8,10,,,,,,,,,,,,,,,,,8.4,16.8,Tetairoa McMillan,,6.8,10
113,Travis Kelce,TE,KC,10.7,6.1,,,,,,,,,,,,,,,,,8.4,16.8,Travis Kelce,TE:KC,6.1,10.7
114,Jakobi Meyers,WR,LV,9.7,6.8,,,,,,,,,,,,,,,,,8.3,16.5,Jakobi Meyers,,6.8,9.7
114,Jauan Jennings,WR,SF,1.6,14.9,,,,,,,,,,,,,,,,,8.3,16.5,Jauan Jennings,,1.6,14.9
116,David Montgomery,RB,DET,4.3,12.1,,,,,,,,,,,,,,,,,8.2,16.4,David Montgomery,,4.3,12.1
116,Tyler Allgeier,RB,ATL,2.4,14,,,,,,,,,,,,,,,,,8.2,16.4,Tyler Allgeier,,2.4,14
118,DK Metcalf,WR,PIT,8.3,8,,,,,,,,,,,,,,,,,8.2,16.3,DK Metcalf,,8,8.3
119,Tony Pollard,RB,TEN,6.9,9.2,,,,,,,,,,,,,,,,,8.1,16.1,Tony Pollard,,6.9,9.2
120,Tyquan Thornton,WR,KC,4.1,11.9,,,,,,,,,,,,,,,,,8,16,Tyquan Thornton,WR:KC,4.1,11.9
120,Nick Folk,K,NYJ,10,6,,,,,,,,,,,,,,,,,8,16,Nick Folk,,6,10
120,Ricky Pearsall,WR,SF,10.8,5.2,,,,,,,,,,,,,,,,,8,16,Ricky Pearsall,,5.2,10.8
123,Jacory Croskey-Merritt,RB,WAS,14.2,1.7,,,,,,,,,,,,,,,,,8,15.9,Jacory Croskey-Merritt,,1.7,14.2
124,Joe Burrow,QB,CIN,8.8,7,,,,,,,,,,,,,,,,,7.9,15.9,Joe Burrow,,7,8.8
125,Jaylen Waddle,WR,MIA,3,12.8,,,,,,,,,,,,,,,,,7.9,15.8,Jaylen Waddle,,3,12.8
125,George Pickens,WR,DAL,3,12.8,,,,,,,,,,,,,,,,,7.9,15.8,George Pickens,,3,12.8
125,Marvin Harrison Jr.,WR,ARI,13.1,2.7,,,,,,,,,,,,,,,,,7.9,15.8,Marvin Harrison Jr.,,2.7,13.1
125,Tyler Warren,TE,IND,7.9,7.9,,,,,,,,,,,,,,,,,7.9,15.8,Tyler Warren,,7.9,7.9
129,Romeo Doubs,WR,GB,6.8,8.8,,,,,,,,,,,,,,,,,7.8,15.6,Romeo Doubs,,6.8,8.8
130,Calvin Austin III,WR,PIT,13,2.2,,,,,,,,,,,,,,,,,7.6,15.2,Calvin Austin III,,2.2,13
131,Los Angeles Chargers,DST,LAC,2,13,,,,,,,,,,,,,,,,,7.5,15,Los Angeles Chargers,,2,13
131,Green Bay Packers,DST,GB,10,5,,,,,,,,,,,,,,,,,7.5,15,Green Bay Packers,,5,10
131,Las Vegas Raiders,DST,LV,10,5,,,,,,,,,,,,,,,,,7.5,15,Las Vegas Raiders,,5,10
131,Aaron Jones Sr.,RB,MIN,12.7,2.3,,,,,,,,,,,,,,,,,7.5,15,Aaron Jones Sr.,,2.3,12.7
135,Tyreek Hill,WR,MIA,4,10.9,,,,,,,,,,,,,,,,,7.5,14.9,Tyreek Hill,,4,10.9
136,Tee Higgins,WR,CIN,3.3,11.6,,,,,,,,,,,,,,,,,7.5,14.9,Tee Higgins,,3.3,11.6
137,Devontez Walker,WR,BAL,-,14.6,,,,,,,,,,,,,,,,,14.6,14.6,Devontez Walker,,14.6,14.6
138,Bhayshul Tuten,RB,JAC,1.1,13.4,,,,,,,,,,,,,,,,,7.3,14.5,Bhayshul Tuten,,1.1,13.4
138,Rashid Shaheed,WR,NO,3.3,11.2,,,,,,,,,,,,,,,,,7.3,14.5,Rashid Shaheed,,3.3,11.2
138,Dalton Kincaid,TE,BUF,10.8,3.7,,,,,,,,,,,,,,,,,7.3,14.5,Dalton Kincaid,,3.7,10.8
141,Ashton Jeanty,RB,LV,10,4.4,,,,,,,,,,,,,,,,,7.2,14.4,Ashton Jeanty,,4.4,10
142,Rachaad White,RB,TB,1.6,12.6,,,,,,,,,,,,,,,,,7.1,14.2,Rachaad White,,1.6,12.6
143,Brock Bowers,TE,LV,10.3,3.8,,,,,,,,,,,,,,,,,7.1,14.1,Brock Bowers,,3.8,10.3
143,Davis Allen,TE,LAR,7.3,6.8,,,,,,,,,,,,,,,,,7.1,14.1,Davis Allen,,6.8,7.3
145,KaVontae Turpin,WR,DAL,2.7,11.3,,,,,,,,,,,,,,,,,7,14,KaVontae Turpin,,2.7,11.3
145,Indianapolis Colts,DST,IND,13,1,,,,,,,,,,,,,,,,,7,14,Indianapolis Colts,,1,13
145,San Francisco 49ers,DST,SF,9,5,,,,,,,,,,,,,,,,,7,14,San Francisco 49ers,,5,9
145,Denver Broncos,DST,DEN,14,0,,,,,,,,,,,,,,,,,7,14,Denver Broncos,,0,14
145,Tennessee Titans,DST,TEN,10,4,,,,,,,,,,,,,,,,,7,14,Tennessee Titans,,4,10
150,Trey McBride,TE,ARI,6.1,7.8,,,,,,,,,,,,,,,,,7,13.9,Trey McBride,,6.1,7.8
151,Nico Collins,WR,HOU,2.5,11.2,,,,,,,,,,,,,,,,,6.9,13.7,Nico Collins,,2.5,11.2
152,Tre Tucker,WR,LV,11.4,1.9,,,,,,,,,,,,,,,,,6.7,13.3,Tre Tucker,,1.9,11.4
153,New Orleans Saints,DST,NO,8,5,,,,,,,,,,,,,,,,,6.5,13,New Orleans Saints,,5,8
153,Houston Texans,DST,HOU,6,7,,,,,,,,,,,,,,,,,6.5,13,Houston Texans,,6,7
155,Marquise Brown,WR,KC,9.9,3,,,,,,,,,,,,,,,,,6.5,12.9,Marquise Brown,WR:KC,3,9.9
155,Elic Ayomanor,WR,TEN,1.3,11.6,,,,,,,,,,,,,,,,,6.5,12.9,Elic Ayomanor,,1.3,11.6
155,Brian Thomas Jr.,WR,JAC,8,4.9,,,,,,,,,,,,,,,,,6.5,12.9,Brian Thomas Jr.,,4.9,8
158,Cam Skattebo,RB,NYG,0.9,11.9,,,,,,,,,,,,,,,,,6.4,12.8,Cam Skattebo,RB:NYG,0.9,11.9
159,Courtland Sutton,WR,DEN,12.1,0.6,,,,,,,,,,,,,,,,,6.4,12.7,Courtland Sutton,,0.6,12.1
160,Cam Ward,QB,TEN,2.5,9.8,,,,,,,,,,,,,,,,,6.1,12.3,Cam Ward,,2.5,9.8
161,Ladd McConkey,WR,LAC,7.4,4.8,,,,,,,,,,,,,,,,,6.1,12.2,Ladd McConkey,,4.8,7.4
162,Blake Corum,RB,LAR,1.6,10.4,,,,,,,,,,,,,,,,,6,12,Blake Corum,,1.6,10.4
162,Evan McPherson,K,CIN,5,7,,,,,,,,,,,,,,,,,6,12,Evan McPherson,,5,7
162,Baltimore Ravens,DST,BAL,-3,15,,,,,,,,,,,,,,,,,6,12,Baltimore Ravens,,-3,15
162,Wil Lutz,K,DEN,8,4,,,,,,,,,,,,,,,,,6,12,Wil Lutz,,4,8
162,Cincinnati Bengals,DST,CIN,7,5,,,,,,,,,,,,,,,,,6,12,Cincinnati Bengals,,5,7
167,Trey Benson,RB,ARI,7.5,4.4,,,,,,,,,,,,,,,,,6,11.9,Trey Benson,,4.4,7.5
168,Jerry Jeudy,WR,CLE,6.6,5.1,,,,,,,,,,,,,,,,,5.9,11.7,Jerry Jeudy,,5.1,6.6
168,Zach Charbonnet,RB,SEA,10.7,1,,,,,,,,,,,,,,,,,5.9,11.7,Zach Charbonnet,,1,10.7
170,Malik Washington,WR,MIA,2.9,8.5,,,,,,,,,,,,,,,,,5.7,11.4,Malik Washington,,2.9,8.5
171,Harold Fannin Jr.,TE,CLE,6.6,4.8,,,,,,,,,,,,,,,,,5.7,11.4,Harold Fannin Jr.,,4.8,6.6
172,Noah Fant,TE,CIN,8.6,2.8,,,,,,,,,,,,,,,,,5.7,11.4,Noah Fant,,2.8,8.6
173,Jordan Mason,RB,MIN,7.5,3.8,,,,,,,,,,,,,,,,,5.7,11.3,Jordan Mason,,3.8,7.5
174,Joshua Karty,K,LAR,2,9,,,,,,,,,,,,,,,,,5.5,11,Joshua Karty,,2,9
174,Washington Commanders,DST,WAS,9,2,,,,,,,,,,,,,,,,,5.5,11,Washington Commanders,,2,9
174,Riley Patterson,K,MIA,0,11,,,,,,,,,,,,,,,,,5.5,11,Riley Patterson,,0,11
177,Miles Sanders,RB,DAL,3,7.9,,,,,,,,,,,,,,,,,5.5,10.9,Miles Sanders,,3,7.9
178,Chris Olave,WR,NO,5.4,5.4,,,,,,,,,,,,,,,,,5.4,10.8,Chris Olave,,5.4,5.4
178,Joshua Palmer,WR,BUF,6.1,4.7,,,,,,,,,,,,,,,,,5.4,10.8,Joshua Palmer,,4.7,6.1
180,Elijah Moore,WR,BUF,1.1,9.7,,,,,,,,,,,,,,,,,5.4,10.8,Elijah Moore,,1.1,9.7
181,Mike Evans,WR,TB,5.1,5.6,,,,,,,,,,,,,,,,,5.4,10.7,Mike Evans,,5.1,5.6
182,Jake Tonges,TE,SF,7.5,3.1,,,,,,,,,,,,,,,,,5.3,10.6,Jake Tonges,,3.1,7.5
183,Sam LaPorta,TE,DET,7.9,2.6,,,,,,,,,,,,,,,,,5.3,10.5,Sam LaPorta,,2.6,7.9
183,Cooper Kupp,WR,SEA,1.5,9,,,,,,,,,,,,,,,,,5.3,10.5,Cooper Kupp,,1.5,9
183,Jayden Reed,WR,GB,10.5,0,,,,,,,,,,,,,,,,,5.3,10.5,Jayden Reed,,0,10.5
186,Alec Pierce,WR,IND,3.6,6.8,,,,,,,,,,,,,,,,,5.2,10.4,Alec Pierce,,3.6,6.8
187,Isaac TeSlaa,WR,DET,7.3,2.9,,,,,,,,,,,,,,,,,5.1,10.2,Isaac TeSlaa,,2.9,7.3
187,Jonnu Smith,TE,PIT,7.5,2.7,,,,,,,,,,,,,,,,,5.1,10.2,Jonnu Smith,,2.7,7.5
187,DJ Moore,WR,CHI,5.6,4.6,,,,,,,,,,,,,,,,,5.1,10.2,DJ Moore,,4.6,5.6
190,Jake Ferguson,TE,DAL,2.3,7.8,,,,,,,,,,,,,,,,,5.1,10.1,Jake Ferguson,,2.3,7.8
191,Andre Szmyt,K,CLE,5,5,,,,,,,,,,,,,,,,,5,10,Andre Szmyt,,5,5
191,Blake Grupe,K,NO,7,3,,,,,,,,,,,,,,,,,5,10,Blake Grupe,,3,7
191,Cairo Santos,K,CHI,7,3,,,,,,,,,,,,,,,,,5,10,Cairo Santos,,3,7
191,Minnesota Vikings,DST,MIN,5,5,,,,,,,,,,,,,,,,,5,10,Minnesota Vikings,,5,5
191,Buffalo Bills,DST,BUF,0,10,,,,,,,,,,,,,,,,,5,10,Buffalo Bills,,0,10
191,Eddy Pineiro,K,SF,-,10,,,,,,,,,,,,,,,,,10,10,Eddy Pineiro,,10,10
197,Kyle Pitts Sr.,TE,ATL,5.9,3.7,,,,,,,,,,,,,,,,,4.8,9.6,Kyle Pitts Sr.,,3.7,5.9
198,RJ Harvey,RB,DEN,6.9,2.4,,,,,,,,,,,,,,,,,4.7,9.3,RJ Harvey,,2.4,6.9
199,Tory Horton,WR,SEA,0,9.2,,,,,,,,,,,,,,,,,4.6,9.2,Tory Horton,,0,9.2
200,Antonio Gibson,RB,NE,0.3,8.8,,,,,,,,,,,,,,,,,4.6,9.1,Antonio Gibson,,0.3,8.8
200,TreVeyon Henderson,RB,NE,5.1,4,,,,,,,,,,,,,,,,,4.6,9.1,TreVeyon Henderson,,4,5.1
202,Ryan Fitzgerald,K,CAR,5,4,,,,,,,,,,,,,,,,,4.5,9,Ryan Fitzgerald,,4,5
202,AJ Barner,TE,SEA,0.2,8.8,,,,,,,,,,,,,,,,,4.5,9,AJ Barner,,0.2,8.8
202,Matt Gay,K,WAS,3,6,,,,,,,,,,,,,,,,,4.5,9,Matt Gay,,3,6
202,Younghoe Koo,K,ATL,9,-,,,,,,,,,,,,,,,,,9,9,Younghoe Koo,,9,9
206,Stefon Diggs,WR,NE,5.7,3.2,,,,,,,,,,,,,,,,,4.5,8.9,Stefon Diggs,,3.2,5.7
207,Brock Wright,TE,DET,0,8.8,,,,,,,,,,,,,,,,,4.4,8.8,Brock Wright,,0,8.8
208,Omarion Hampton,RB,LAC,6.1,2.5,,,,,,,,,,,,,,,,,4.3,8.6,Omarion Hampton,,2.5,6.1
208,Tyrone Tracy Jr.,RB,NYG,3.5,5.1,,,,,,,,,,,,,,,,,4.3,8.6,Tyrone Tracy Jr.,RB:NYG,3.5,5.1
210,Tylan Wallace,WR,BAL,0,8.5,,,,,,,,,,,,,,,,,4.3,8.5,Tylan Wallace,,0,8.5
210,George Kittle,TE,SF,8.5,-,,,,,,,,,,,,,,,,,8.5,8.5,George Kittle,,8.5,8.5
212,Drake London,WR,ATL,5.5,2.9,,,,,,,,,,,,,,,,,4.2,8.4,Drake London,,2.9,5.5
212,Calvin Ridley,WR,TEN,2.7,5.7,,,,,,,,,,,,,,,,,4.2,8.4,Calvin Ridley,,2.7,5.7
214,Tyrod Taylor,QB,NYJ,-,8.3,,,,,,,,,,,,,,,,,8.3,8.3,Tyrod Taylor,,8.3,8.3
215,Ben Skowronek,WR,PIT,8.2,0,,,,,,,,,,,,,,,,,4.1,8.2,Ben Skowronek,,0,8.2
216,Ja'Tavion Sanders,TE,CAR,2.7,5.4,,,,,,,,,,,,,,,,,4.1,8.1,Ja'Tavion Sanders,,2.7,5.4
216,Austin Ekeler,RB,WAS,5.7,2.4,,,,,,,,,,,,,,,,,4.1,8.1,Austin Ekeler,,2.4,5.7
216,Jeremy Ruckert,TE,NYJ,1.6,6.5,,,,,,,,,,,,,,,,,4.1,8.1,Jeremy Ruckert,,1.6,6.5
219,Miami Dolphins,DST,MIA,0,8,,,,,,,,,,,,,,,,,4,8,Miami Dolphins,,0,8
219,Detroit Lions,DST,DET,0,8,,,,,,,,,,,,,,,,,4,8,Detroit Lions,,0,8
219,Chase McLaughlin,K,TB,6,2,,,,,,,,,,,,,,,,,4,8,Chase McLaughlin,,2,6
219,Ryan Miller,WR,TB,0,8,,,,,,,,,,,,,,,,,4,8,Ryan Miller,,0,8
219,Braelon Allen,RB,NYJ,6.9,1.1,,,,,,,,,,,,,,,,,4,8,Braelon Allen,,1.1,6.9
219,Philadelphia Eagles,DST,PHI,3,5,,,,,,,,,,,,,,,,,4,8,Philadelphia Eagles,,3,5
225,Luke Farrell,TE,SF,0.4,7.5,,,,,,,,,,,,,,,,,4,7.9,Luke Farrell,,0.4,7.5
226,David Njoku,TE,CLE,3.7,4,,,,,,,,,,,,,,,,,3.9,7.7,David Njoku,,3.7,4
227,Khalil Shakir,WR,BUF,6.4,1.2,,,,,,,,,,,,,,,,,3.8,7.6,Khalil Shakir,,1.2,6.4
228,Marvin Mims Jr.,WR,DEN,-0.8,8.4,,,,,,,,,,,,,,,,,3.8,7.6,Marvin Mims Jr.,,-0.8,8.4
229,Brenton Strange,TE,JAC,5.9,1.7,,,,,,,,,,,,,,,,,3.8,7.6,Brenton Strange,,1.7,5.9
229,Michael Wilson,WR,ARI,0.5,7.1,,,,,,,,,,,,,,,,,3.8,7.6,Michael Wilson,,0.5,7.1
229,Devaughn Vele,WR,NO,1.3,6.3,,,,,,,,,,,,,,,,,3.8,7.6,Devaughn Vele,,1.3,6.3
229,Parker Washington,WR,JAC,0,7.6,,,,,,,,,,,,,,,,,3.8,7.6,Parker Washington,,0,7.6
233,Hunter Henry,TE,NE,6.6,0.9,,,,,,,,,,,,,,,,,3.8,7.5,Hunter Henry,,0.9,6.6
233,Adam Trautman,TE,DEN,0.5,7,,,,,,,,,,,,,,,,,3.8,7.5,Adam Trautman,,0.5,7
233,Terry McLaurin,WR,WAS,2.7,4.8,,,,,,,,,,,,,,,,,3.8,7.5,Terry McLaurin,,2.7,4.8
236,Dontayvion Wicks,WR,GB,3,4.4,,,,,,,,,,,,,,,,,3.7,7.4,Dontayvion Wicks,,3,4.4
237,Sterling Shepard,WR,TB,3.9,3.4,,,,,,,,,,,,,,,,,3.7,7.3,Sterling Shepard,,3.4,3.9
237,Mitchell Tinsley,WR,CIN,0,7.3,,,,,,,,,,,,,,,,,3.7,7.3,Mitchell Tinsley,,0,7.3
239,Quinshon Judkins,RB,CLE,-,7.1,,,,,,,,,,,,,,,,,7.1,7.1,Quinshon Judkins,,7.1,7.1
239,Mack Hollins,WR,NE,0.3,6.8,,,,,,,,,,,,,,,,,3.6,7.1,Mack Hollins,,0.3,6.8
241,Chicago Bears,DST,CHI,11,-4,,,,,,,,,,,,,,,,,3.5,7,Chicago Bears,,-4,11
241,DeMario Douglas,WR,NE,6.2,0.8,,,,,,,,,,,,,,,,,3.5,7,DeMario Douglas,,0.8,6.2
241,Pittsburgh Steelers,DST,PIT,2,5,,,,,,,,,,,,,,,,,3.5,7,Pittsburgh Steelers,,2,5
244,DeVonta Smith,WR,PHI,1.6,5.3,,,,,,,,,,,,,,,,,3.5,6.9,DeVonta Smith,,1.6,5.3
245,Hunter Long,TE,JAC,6.6,0,,,,,,,,,,,,,,,,,3.3,6.6,Hunter Long,,0,6.6
246,Dont'e Thornton Jr.,WR,LV,4.5,2,,,,,,,,,,,,,,,,,3.3,6.5,Dont'e Thornton Jr.,,2,4.5
247,Xavier Hutchinson,WR,HOU,3.5,2.9,,,,,,,,,,,,,,,,,3.2,6.4,Xavier Hutchinson,,2.9,3.5
248,Jahan Dotson,WR,PHI,5.9,0.4,,,,,,,,,,,,,,,,,3.2,6.3,Jahan Dotson,,0.4,5.9
249,Olamide Zaccheaus,WR,CHI,4.2,2.1,,,,,,,,,,,,,,,,,3.2,6.3,Olamide Zaccheaus,,2.1,4.2
249,Raheim Sanders,RB,CLE,6.3,-,,,,,,,,,,,,,,,,,6.3,6.3,Raheim Sanders,,6.3,6.3
249,Josh Downs,WR,IND,1.2,5.1,,,,,,,,,,,,,,,,,3.2,6.3,Josh Downs,,1.2,5.1
252,Darius Slayton,WR,NYG,0,6.1,,,,,,,,,,,,,,,,,3.1,6.1,Darius Slayton,WR:NYG,0,6.1
253,Tampa Bay Buccaneers,DST,TB,2,4,,,,,,,,,,,,,,,,,3,6,Tampa Bay Buccaneers,,2,4
253,Kansas City Chiefs,DST,KC,3,3,,,,,,,,,,,,,,,,,3,6,Kansas City Chiefs,DST:KC,3,3
253,JuJu Smith-Schuster,WR,KC,5.5,0.5,,,,,,,,,,,,,,,,,3,6,JuJu Smith-Schuster,WR:KC,0.5,5.5
253,George Holani,RB,SEA,0,6,,,,,,,,,,,,,,,,,3,6,George Holani,,0,6
253,Kareem Hunt,RB,KC,2.6,3.4,,,,,,,,,,,,,,,,,3,6,Kareem Hunt,RB:KC,2.6,3.4
253,Jayden Higgins,WR,HOU,3.2,2.8,,,,,,,,,,,,,,,,,3,6,Jayden Higgins,,2.8,3.2
253,Cole Kmet,TE,CHI,3.1,2.9,,,,,,,,,,,,,,,,,3,6,Cole Kmet,,2.9,3.1
260,Kenneth Gainwell,RB,PIT,2.3,3.6,,,,,,,,,,,,,,,,,3,5.9,Kenneth Gainwell,,2.3,3.6
260,Jalen Nailor,WR,MIN,2.8,3.1,,,,,,,,,,,,,,,,,3,5.9,Jalen Nailor,,2.8,3.1
260,Jerome Ford,RB,CLE,0.5,5.4,,,,,,,,,,,,,,,,,3,5.9,Jerome Ford,,0.5,5.4
260,Pat Freiermuth,TE,PIT,2.8,3.1,,,,,,,,,,,,,,,,,3,5.9,Pat Freiermuth,,2.8,3.1
264,Najee Harris,RB,LAC,1,4.8,,,,,,,,,,,,,,,,,2.9,5.8,Najee Harris,,1,4.8
265,Isiah Pacheco,RB,KC,2.8,2.9,,,,,,,,,,,,,,,,,2.9,5.7,Isiah Pacheco,RB:KC,2.8,2.9
266,Dalton Schultz,TE,HOU,2.8,2.9,,,,,,,,,,,,,,,,,2.9,5.7,Dalton Schultz,,2.8,2.9
267,Brian Robinson Jr.,RB,SF,3.7,1.9,,,,,,,,,,,,,,,,,2.8,5.6,Brian Robinson Jr.,,1.9,3.7
268,Travis Hunter,WR,JAC,3.3,2.2,,,,,,,,,,,,,,,,,2.8,5.5,Travis Hunter,,2.2,3.3
269,Chig Okonkwo,TE,TEN,1.9,3.5,,,,,,,,,,,,,,,,,2.7,5.4,Chig Okonkwo,,1.9,3.5
270,Woody Marks,RB,HOU,0.3,5.1,,,,,,,,,,,,,,,,,2.7,5.4,Woody Marks,,0.3,5.1
271,Brandin Cooks,WR,NO,2.6,2.6,,,,,,,,,,,,,,,,,2.6,5.2,Brandin Cooks,,2.6,2.6
271,Tyler Conklin,TE,LAC,5.2,0,,,,,,,,,,,,,,,,,2.6,5.2,Tyler Conklin,,0,5.2
273,Ray-Ray McCloud III,WR,ATL,5.1,0,,,,,,,,,,,,,,,,,2.6,5.1,Ray-Ray McCloud III,,0,5.1
274,Jake Moody,K,CHI,5,-,,,,,,,,,,,,,,,,,5,5,Jake Moody,,5,5
274,Carolina Panthers,DST,CAR,2,3,,,,,,,,,,,,,,,,,2.5,5,Carolina Panthers,,2,3
276,Austin Hooper,TE,NE,1,3.8,,,,,,,,,,,,,,,,,2.4,4.8,Austin Hooper,,1,3.8
276,Brycen Tremayne,WR,CAR,0,4.8,,,,,,,,,,,,,,,,,2.4,4.8,Brycen Tremayne,,0,4.8
276,Elijah Higgins,TE,ARI,0.3,4.5,,,,,,,,,,,,,,,,,2.4,4.8,Elijah Higgins,,0.3,4.5
279,Dillon Gabriel,QB,CLE,-,4.8,,,,,,,,,,,,,,,,,4.8,4.8,Dillon Gabriel,,4.8,4.8
280,Michael Mayer,TE,LV,3.8,0.9,,,,,,,,,,,,,,,,,2.4,4.7,Michael Mayer,,0.9,3.8
280,Jordan Whittington,WR,LAR,0.5,4.2,,,,,,,,,,,,,,,,,2.4,4.7,Jordan Whittington,,0.5,4.2
280,Kyle Monangai,RB,CHI,1.1,3.6,,,,,,,,,,,,,,,,,2.4,4.7,Kyle Monangai,,1.1,3.6
283,Adam Thielen,WR,MIN,2,2.6,,,,,,,,,,,,,,,,,2.3,4.6,Adam Thielen,,2,2.6
284,Tre Harris,WR,LAC,1.1,3.4,,,,,,,,,,,,,,,,,2.3,4.5,Tre Harris,,1.1,3.4
285,Dallas Goedert,TE,PHI,4.4,-,,,,,,,,,,,,,,,,,4.4,4.4,Dallas Goedert,,4.4,4.4
286,DJ Giddens,RB,IND,4.1,0,,,,,,,,,,,,,,,,,2.1,4.1,DJ Giddens,,0,4.1
286,Adonai Mitchell,WR,IND,2.1,2,,,,,,,,,,,,,,,,,2.1,4.1,Adonai Mitchell,,2,2.1
288,New York Giants,DST,NYG,3,1,,,,,,,,,,,,,,,,,2,4,New York Giants,DST:NYG,1,3
289,Dawson Knox,TE,BUF,2,1.9,,,,,,,,,,,,,,,,,2,3.9,Dawson Knox,,1.9,2
289,Theo Johnson,TE,NYG,0.5,3.4,,,,,,,,,,,,,,,,,2,3.9,Theo Johnson,TE:NYG,0.5,3.4
289,Luke McCaffrey,WR,WAS,0,3.9,,,,,,,,,,,,,,,,,2,3.9,Luke McCaffrey,,0,3.9
289,Kalif Raymond,WR,DET,1.6,2.3,,,,,,,,,,,,,,,,,2,3.9,Kalif Raymond,,1.6,2.3
293,Tyler Badie,RB,DEN,1.6,2.2,,,,,,,,,,,,,,,,,1.9,3.8,Tyler Badie,,1.6,2.2
293,Elijah Arroyo,TE,SEA,0.7,3.1,,,,,,,,,,,,,,,,,1.9,3.8,Elijah Arroyo,,0.7,3.1
295,Tyler Higbee,TE,LAR,0,3.7,,,,,,,,,,,,,,,,,1.9,3.7,Tyler Higbee,,0,3.7
295,Malik Heath,WR,GB,0,3.7,,,,,,,,,,,,,,,,,1.9,3.7,Malik Heath,,0,3.7
295,Kyle Juszczyk,RB,SF,3.2,0.5,,,,,,,,,,,,,,,,,1.9,3.7,Kyle Juszczyk,,0.5,3.2
298,Noah Brown,WR,WAS,2.7,0.9,,,,,,,,,,,,,,,,,1.8,3.6,Noah Brown,,0.9,2.7
298,Luke Musgrave,TE,GB,0.4,3.2,,,,,,,,,,,,,,,,,1.8,3.6,Luke Musgrave,,0.4,3.2
298,Xavier Smith,WR,LAR,3.6,0,,,,,,,,,,,,,,,,,1.8,3.6,Xavier Smith,,0,3.6
301,Rico Dowdle,RB,CAR,1.6,1.9,,,,,,,,,,,,,,,,,1.8,3.5,Rico Dowdle,,1.6,1.9
301,A.J. Brown,WR,PHI,0.8,2.7,,,,,,,,,,,,,,,,,1.8,3.5,A.J. Brown,,0.8,2.7
303,Chris Moore,WR,WAS,3.4,-,,,,,,,,,,,,,,,,,3.4,3.4,Chris Moore,,3.4,3.4
303,Jackson Hawes,TE,BUF,2.9,0.5,,,,,,,,,,,,,,,,,1.7,3.4,Jackson Hawes,,0.5,2.9
303,Kendre Miller,RB,NO,2.4,1,,,,,,,,,,,,,,,,,1.7,3.4,Kendre Miller,,1,2.4
306,Evan Engram,TE,DEN,2.1,1.2,,,,,,,,,,,,,,,,,1.7,3.3,Evan Engram,,1.2,2.1
306,Casey Washington,WR,ATL,3.3,-,,,,,,,,,,,,,,,,,3.3,3.3,Casey Washington,,3.3,3.3
308,Kendrick Bourne,WR,SF,-,3.2,,,,,,,,,,,,,,,,,3.2,3.2,Kendrick Bourne,,3.2,3.2
308,Mike Gesicki,TE,CIN,1.4,1.8,,,,,,,,,,,,,,,,,1.6,3.2,Mike Gesicki,,1.4,1.8
310,Matthew Golden,WR,GB,1.6,1.5,,,,,,,,,,,,,,,,,1.6,3.1,Matthew Golden,,1.5,1.6
310,Tyler Johnson,WR,NYJ,3.1,0,,,,,,,,,,,,,,,,,1.6,3.1,Tyler Johnson,,0,3.1
312,Justin Watson,WR,HOU,2.7,0.3,,,,,,,,,,,,,,,,,1.5,3,Justin Watson,,0.3,2.7
312,Chris Brooks,RB,GB,0.3,2.7,,,,,,,,,,,,,,,,,1.5,3,Chris Brooks,,0.3,2.7
312,Ty Johnson,RB,BUF,2.4,0.6,,,,,,,,,,,,,,,,,1.5,3,Ty Johnson,,0.6,2.4
312,New York Jets,DST,NYJ,3,0,,,,,,,,,,,,,,,,,1.5,3,New York Jets,,0,3
312,Cleveland Browns,DST,CLE,4,-1,,,,,,,,,,,,,,,,,1.5,3,Cleveland Browns,,-1,4
317,A.J. Dillon,RB,PHI,1,1.9,,,,,,,,,,,,,,,,,1.5,2.9,A.J. Dillon,,1,1.9
318,Mo Alie-Cox,TE,IND,2,0.8,,,,,,,,,,,,,,,,,1.4,2.8,Mo Alie-Cox,,0.8,2
319,T.J. Hockenson,TE,MIN,1.5,1.2,,,,,,,,,,,,,,,,,1.4,2.7,T.J. Hockenson,,1.2,1.5
320,Will Shipley,RB,PHI,2.6,-,,,,,,,,,,,,,,,,,2.6,2.6,Will Shipley,,2.6,2.6
321,Nick Westbrook-Ikhine,WR,MIA,0.7,1.8,,,,,,,,,,,,,,,,,1.3,2.5,Nick Westbrook-Ikhine,,0.7,1.8
321,Rashod Bateman,WR,BAL,1,1.5,,,,,,,,,,,,,,,,,1.3,2.5,Rashod Bateman,,1,1.5
321,Savion Williams,WR,GB,0.1,2.4,,,,,,,,,,,,,,,,,1.3,2.5,Savion Williams,,0.1,2.4
321,Cade Otton,TE,TB,0,2.5,,,,,,,,,,,,,,,,,1.3,2.5,Cade Otton,,0,2.5
321,Jeremy McNichols,RB,WAS,2.5,0,,,,,,,,,,,,,,,,,1.3,2.5,Jeremy McNichols,,0,2.5
321,Will Dissly,TE,LAC,1.8,0.7,,,,,,,,,,,,,,,,,1.3,2.5,Will Dissly,,0.7,1.8
321,Ray Davis,RB,BUF,0.1,2.4,,,,,,,,,,,,,,,,,1.3,2.5,Ray Davis,,0.1,2.4
321,Gunnar Helm,TE,TEN,1.6,0.9,,,,,,,,,,,,,,,,,1.3,2.5,Gunnar Helm,,0.9,1.6
321,Mason Taylor,TE,NYJ,2,0.5,,,,,,,,,,,,,,,,,1.3,2.5,Mason Taylor,,0.5,2
330,LeQuint Allen Jr.,RB,JAC,1.1,1.3,,,,,,,,,,,,,,,,,1.2,2.4,LeQuint Allen Jr.,,1.1,1.3
330,Isaiah Davis,RB,NYJ,1.8,0.6,,,,,,,,,,,,,,,,,1.2,2.4,Isaiah Davis,,0.6,1.8
332,Jack Bech,WR,LV,2.3,0,,,,,,,,,,,,,,,,,1.2,2.3,Jack Bech,,0,2.3
333,Cade Stover,TE,HOU,2.2,-,,,,,,,,,,,,,,,,,2.2,2.2,Cade Stover,,2.2,2.2
333,Tommy Tremble,TE,CAR,0.2,2,,,,,,,,,,,,,,,,,1.1,2.2,Tommy Tremble,,0.2,2
335,Nikko Remigio,WR,KC,0,2.1,,,,,,,,,,,,,,,,,1.1,2.1,Nikko Remigio,WR:KC,0,2.1
335,Zamir White,RB,LV,0.8,1.3,,,,,,,,,,,,,,,,,1.1,2.1,Zamir White,,0.8,1.3
337,Tanner Conner,TE,MIA,2,0,,,,,,,,,,,,,,,,,1,2,Tanner Conner,,0,2
337,Darnell Washington,TE,PIT,0,2,,,,,,,,,,,,,,,,,1,2,Darnell Washington,,0,2
337,Darnell Mooney,WR,ATL,-,2,,,,,,,,,,,,,,,,,2,2,Darnell Mooney,,2,2
337,Dallas Cowboys,DST,DAL,1,1,,,,,,,,,,,,,,,,,1,2,Dallas Cowboys,,1,1
337,Isaiah Bond,WR,CLE,0.5,1.5,,,,,,,,,,,,,,,,,1,2,Isaiah Bond,,0.5,1.5
337,Julian Hill,TE,MIA,2,0,,,,,,,,,,,,,,,,,1,2,Julian Hill,,0,2
343,Pat Bryant,WR,DEN,0,1.8,,,,,,,,,,,,,,,,,0.9,1.8,Pat Bryant,,0,1.8
343,Josh Reynolds,WR,NYJ,1.8,-,,,,,,,,,,,,,,,,,1.8,1.8,Josh Reynolds,,1.8,1.8
345,Tyson Bagent,QB,CHI,-,1.8,,,,,,,,,,,,,,,,,1.8,1.8,Tyson Bagent,,1.8,1.8
346,Chimere Dike,WR,TEN,0.9,0.8,,,,,,,,,,,,,,,,,0.9,1.7,Chimere Dike,,0.8,0.9
347,Dee Eskridge,WR,MIA,0.9,0.8,,,,,,,,,,,,,,,,,0.9,1.7,Dee Eskridge,,0.8,0.9
347,Dylan Laube,RB,LV,0,1.7,,,,,,,,,,,,,,,,,0.9,1.7,Dylan Laube,,0,1.7
349,Ollie Gordon II,RB,MIA,0.3,1.3,,,,,,,,,,,,,,,,,0.8,1.6,Ollie Gordon II,,0.3,1.3
349,Jalen Tolbert,WR,DAL,0,1.6,,,,,,,,,,,,,,,,,0.8,1.6,Jalen Tolbert,,0,1.6
351,Zach Wilson,QB,MIA,1.6,-,,,,,,,,,,,,,,,,,1.6,1.6,Zach Wilson,,1.6,1.6
352,Ashton Dulin,WR,IND,1.5,0,,,,,,,,,,,,,,,,,0.8,1.5,Ashton Dulin,,0,1.5
353,Alec Ingold,RB,MIA,0.1,1.3,,,,,,,,,,,,,,,,,0.7,1.4,Alec Ingold,,0.1,1.3
353,Justice Hill,RB,BAL,-1.1,2.5,,,,,,,,,,,,,,,,,0.7,1.4,Justice Hill,,-1.1,2.5
353,Daniel Bellinger,TE,NYG,1.4,0,,,,,,,,,,,,,,,,,0.7,1.4,Daniel Bellinger,TE:NYG,0,1.4
356,Jaylin Lane,WR,WAS,1.1,0.2,,,,,,,,,,,,,,,,,0.7,1.3,Jaylin Lane,,0.2,1.1
357,Tank Bigsby,RB,PHI,1.2,-,,,,,,,,,,,,,,,,,1.2,1.2,Tank Bigsby,,1.2,1.2
357,Andrei Iosivas,WR,CIN,0,1.2,,,,,,,,,,,,,,,,,0.6,1.2,Andrei Iosivas,,0,1.2
357,Kyle Williams,WR,NE,1.2,0,,,,,,,,,,,,,,,,,0.6,1.2,Kyle Williams,,0,1.2
357,Colston Loveland,TE,CHI,1.2,0,,,,,,,,,,,,,,,,,0.6,1.2,Colston Loveland,,0,1.2
361,Jamari Thrash,WR,CLE,0.6,0.5,,,,,,,,,,,,,,,,,0.6,1.1,Jamari Thrash,,0.5,0.6
362,Van Jefferson,WR,TEN,0,1,,,,,,,,,,,,,,,,,0.5,1,Van Jefferson,,0,1
362,Tip Reiman,TE,ARI,1,0,,,,,,,,,,,,,,,,,0.5,1,Tip Reiman,,0,1
364,Mitchell Trubisky,QB,BUF,-,1,,,,,,,,,,,,,,,,,1,1,Mitchell Trubisky,,1,1
365,Greg Dortch,WR,ARI,-0.2,1.1,,,,,,,,,,,,,,,,,0.5,0.9,Greg Dortch,,-0.2,1.1
365,Devin Singletary,RB,NYG,0.9,0,,,,,,,,,,,,,,,,,0.5,0.9,Devin Singletary,RB:NYG,0,0.9
365,Mark Andrews,TE,BAL,0.5,0.4,,,,,,,,,,,,,,,,,0.5,0.9,Mark Andrews,,0.4,0.5
365,Mitchell Evans,TE,CAR,0,0.9,,,,,,,,,,,,,,,,,0.5,0.9,Mitchell Evans,,0,0.9
365,Tyler Lockett,WR,TEN,0,0.9,,,,,,,,,,,,,,,,,0.5,0.9,Tyler Lockett,,0,0.9
365,Devin Neal,RB,NO,0.9,-,,,,,,,,,,,,,,,,,0.9,0.9,Devin Neal,,0.9,0.9
371,Bryce Oliver,WR,TEN,0.8,0,,,,,,,,,,,,,,,,,0.4,0.8,Bryce Oliver,,0,0.8
371,Xavier Legette,WR,CAR,1,-0.2,,,,,,,,,,,,,,,,,0.4,0.8,Xavier Legette,,-0.2,1
373,Ben Sinnott,TE,WAS,0,0.7,,,,,,,,,,,,,,,,,0.4,0.7,Ben Sinnott,,0,0.7
373,Drew Sample,TE,CIN,0,0.7,,,,,,,,,,,,,,,,,0.4,0.7,Drew Sample,,0,0.7
373,Jaylin Noel,WR,HOU,0.7,0,,,,,,,,,,,,,,,,,0.4,0.7,Jaylin Noel,,0,0.7
373,Roman Wilson,WR,PIT,0,0.7,,,,,,,,,,,,,,,,,0.4,0.7,Roman Wilson,,0,0.7
377,Trevor Etienne,RB,CAR,0.4,0.2,,,,,,,,,,,,,,,,,0.3,0.6,Trevor Etienne,,0.2,0.4
377,Trent Sherfield Sr.,WR,DEN,0.3,0.3,,,,,,,,,,,,,,,,,0.3,0.6,Trent Sherfield Sr.,,0.3,0.3
377,Grant Calcaterra,TE,PHI,0,0.6,,,,,,,,,,,,,,,,,0.3,0.6,Grant Calcaterra,,0,0.6
377,Connor Heyward,TE,PIT,0,0.6,,,,,,,,,,,,,,,,,0.3,0.6,Connor Heyward,,0,0.6
377,Samaje Perine,RB,CIN,0.6,0,,,,,,,,,,,,,,,,,0.3,0.6,Samaje Perine,,0,0.6
377,Dare Ogunbowale,RB,HOU,0.6,0,,,,,,,,,,,,,,,,,0.3,0.6,Dare Ogunbowale,,0,0.6
377,Lucas Krull,TE,DEN,0.6,0,,,,,,,,,,,,,,,,,0.3,0.6,Lucas Krull,,0,0.6
377,Kylen Granson,TE,PHI,0.1,0.5,,,,,,,,,,,,,,,,,0.3,0.6,Kylen Granson,,0.1,0.5
385,Rasheen Ali,RB,BAL,0.5,0,,,,,,,,,,,,,,,,,0.3,0.5,Rasheen Ali,,0,0.5
385,Josh Oliver,TE,MIN,0.5,0,,,,,,,,,,,,,,,,,0.3,0.5,Josh Oliver,,0,0.5
385,Dameon Pierce,RB,HOU,0.5,-,,,,,,,,,,,,,,,,,0.5,0.5,Dameon Pierce,,0.5,0.5
388,Mason Rudolph,QB,PIT,-,0.5,,,,,,,,,,,,,,,,,0.5,0.5,Mason Rudolph,,0.5,0.5
389,Emanuel Wilson,RB,GB,0.4,0,,,,,,,,,,,,,,,,,0.2,0.4,Emanuel Wilson,,0,0.4
389,Noah Gray,TE,KC,0.3,0.1,,,,,,,,,,,,,,,,,0.2,0.4,Noah Gray,TE:KC,0.1,0.3
389,Tutu Atwell,WR,LAR,0.4,0,,,,,,,,,,,,,,,,,0.2,0.4,Tutu Atwell,,0,0.4
389,Craig Reynolds,RB,DET,0,0.4,,,,,,,,,,,,,,,,,0.2,0.4,Craig Reynolds,,0,0.4
389,Adam Prentice,RB,DEN,0.4,0,,,,,,,,,,,,,,,,,0.2,0.4,Adam Prentice,,0,0.4
389,Zay Jones,WR,ARI,0.4,0,,,,,,,,,,,,,,,,,0.2,0.4,Zay Jones,,0,0.4
395,Brevyn Spann-Ford,TE,DAL,0,0.3,,,,,,,,,,,,,,,,,0.2,0.3,Brevyn Spann-Ford,,0,0.3
395,Derius Davis,WR,LAC,0.3,0,,,,,,,,,,,,,,,,,0.2,0.3,Derius Davis,,0,0.3
397,Julius Chestnut,RB,TEN,0.2,0,,,,,,,,,,,,,,,,,0.1,0.2,Julius Chestnut,,0,0.2
397,Sean Tucker,RB,TB,0.2,0,,,,,,,,,,,,,,,,,0.1,0.2,Sean Tucker,,0,0.2
397,Luther Burden III,WR,CHI,-0.3,0.5,,,,,,,,,,,,,,,,,0.1,0.2,Luther Burden III,,-0.3,0.5
397,Brashard Smith,RB,KC,0,0.2,,,,,,,,,,,,,,,,,0.1,0.2,Brashard Smith,RB:KC,0,0.2
397,John FitzPatrick,TE,GB,0.2,0,,,,,,,,,,,,,,,,,0.1,0.2,John FitzPatrick,,0,0.2
397,Jacoby Brissett,QB,ARI,-,0.2,,,,,,,,,,,,,,,,,0.2,0.2,Jacoby Brissett,,0.2,0.2
403,Jalen Milroe,QB,SEA,0.1,-,,,,,,,,,,,,,,,,,0.1,0.1,Jalen Milroe,,0.1,0.1
404,Jeff Wilson Jr.,RB,MIA,0,-,,,,,,,,,,,,,,,,,0,0,Jeff Wilson Jr.,,0,0
404,Reggie Gilliam,RB,BUF,0,0,,,,,,,,,,,,,,,,,0,0,Reggie Gilliam,,0,0
404,Darius Cooper,WR,PHI,0,0,,,,,,,,,,,,,,,,,0,0,Darius Cooper,,0,0
404,Anthony Gould,WR,IND,0,0,,,,,,,,,,,,,,,,,0,0,Anthony Gould,,0,0
404,Dominic Lovett,WR,DET,-,0,,,,,,,,,,,,,,,,,0,0,Dominic Lovett,,0,0
404,Kyle Allen,QB,DET,-,0,,,,,,,,,,,,,,,,,0,0,Kyle Allen,,0,0
404,Harrison Bryant,TE,HOU,-,0,,,,,,,,,,,,,,,,,0,0,Harrison Bryant,,0,0
404,Zonovan Knight,RB,ARI,-,0,,,,,,,,,,,,,,,,,0,0,Zonovan Knight,,0,0
404,Cameron Latu,TE,PHI,-,0,,,,,,,,,,,,,,,,,0,0,Cameron Latu,,0,0
404,Isaiah Williams,WR,NYJ,-,0,,,,,,,,,,,,,,,,,0,0,Isaiah Williams,,0,0
404,Ulysses Bentley IV,RB,IND,0,-,,,,,,,,,,,,,,,,,0,0,Ulysses Bentley IV,,0,0
404,Brayden Willis,TE,SF,-,0,,,,,,,,,,,,,,,,,0,0,Brayden Willis,,0,0
404,Logan Woodside,QB,PIT,-,0,,,,,,,,,,,,,,,,,0,0,Logan Woodside,,0,0
404,Josiah Deguara,TE,ARI,-,0,,,,,,,,,,,,,,,,,0,0,Josiah Deguara,,0,0
404,Jimmy Garoppolo,QB,LAR,-,0,,,,,,,,,,,,,,,,,0,0,Jimmy Garoppolo,,0,0
404,Jeremiah Webb,WR,NE,0,-,,,,,,,,,,,,,,,,,0,0,Jeremiah Webb,,0,0
404,Quintin Morris,TE,JAC,-,0,,,,,,,,,,,,,,,,,0,0,Quintin Morris,,0,0
404,Ty Chandler,RB,MIN,0,-,,,,,,,,,,,,,,,,,0,0,Ty Chandler,,0,0
404,Jelani Woods,TE,NYJ,-,0,,,,,,,,,,,,,,,,,0,0,Jelani Woods,,0,0
404,Roschon Johnson,RB,CHI,-,0,,,,,,,,,,,,,,,,,0,0,Roschon Johnson,,0,0
404,Tai Felton,WR,MIN,0,-,,,,,,,,,,,,,,,,,0,0,Tai Felton,,0,0
404,Tez Johnson,WR,TB,0,-,,,,,,,,,,,,,,,,,0,0,Tez Johnson,,0,0
404,Feleipe Franks,QB,ATL,0,-,,,,,,,,,,,,,,,,,0,0,Feleipe Franks,,0,0
404,Terrance Ferguson,TE,LAR,-,0,,,,,,,,,,,,,,,,,0,0,Terrance Ferguson,,0,0
404,Dareke Young,WR,SEA,-,0,,,,,,,,,,,,,,,,,0,0,Dareke Young,,0,0
404,Jakob Johnson,RB,HOU,0,0,,,,,,,,,,,,,,,,,0,0,Jakob Johnson,,0,0
404,Allen Lazard,WR,NYJ,-,0,,,,,,,,,,,,,,,,,0,0,Allen Lazard,,0,0
404,LaJohntay Wester,WR,BAL,0,0,,,,,,,,,,,,,,,,,0,0,LaJohntay Wester,,0,0
404,Konata Mumpfield,WR,LAR,0,0,,,,,,,,,,,,,,,,,0,0,Konata Mumpfield,,0,0
404,Kameron Johnson,WR,TB,0,0,,,,,,,,,,,,,,,,,0,0,Kameron Johnson,,0,0
404,Nathan Carter,RB,ATL,-,0,,,,,,,,,,,,,,,,,0,0,Nathan Carter,,0,0
404,Jake Bobo,WR,SEA,-,0,,,,,,,,,,,,,,,,,0,0,Jake Bobo,,0,0
404,James Winchester,TE,KC,-,0,,,,,,,,,,,,,,,,,0,0,James Winchester,TE:KC,0,0
404,Marcus Mariota,QB,WAS,0,-,,,,,,,,,,,,,,,,,0,0,Marcus Mariota,,0,0
404,Jordan Mims,RB,TEN,-,0,,,,,,,,,,,,,,,,,0,0,Jordan Mims,,0,0
404,David Moore,WR,CAR,0,0,,,,,,,,,,,,,,,,,0,0,David Moore,,0,0
404,Kene Nwangwu,RB,NYJ,0,-,,,,,,,,,,,,,,,,,0,0,Kene Nwangwu,,0,0
404,Devin Duvernay,WR,CHI,0,0,,,,,,,,,,,,,,,,,0,0,Devin Duvernay,,0,0
404,Beaux Collins,WR,NYG,0,0,,,,,,,,,,,,,,,,,0,0,Beaux Collins,WR:NYG,0,0
404,Teagan Quitoriano,TE,ATL,0,0,,,,,,,,,,,,,,,,,0,0,Teagan Quitoriano,,0,0
404,John Metchie III,WR,PHI,0,0,,,,,,,,,,,,,,,,,0,0,John Metchie III,,0,0
404,Drew Ogletree,TE,IND,0,0,,,,,,,,,,,,,,,,,0,0,Drew Ogletree,,0,0
404,Ko Kieft,TE,TB,0,0,,,,,,,,,,,,,,,,,0,0,Ko Kieft,,0,0
404,Zaire Mitchell-Paden,TE,BAL,0,0,,,,,,,,,,,,,,,,,0,0,Zaire Mitchell-Paden,,0,0
404,Luke Schoonmaker,TE,DAL,0,0,,,,,,,,,,,,,,,,,0,0,Luke Schoonmaker,,0,0
404,Payne Durham,TE,TB,0,0,,,,,,,,,,,,,,,,,0,0,Payne Durham,,0,0
404,Blake Whiteheart,TE,CLE,0,0,,,,,,,,,,,,,,,,,0,0,Blake Whiteheart,,0,0
404,Patrick Murtagh,TE,DEN,0,-,,,,,,,,,,,,,,,,,0,0,Patrick Murtagh,,0,0
404,Brady Russell,TE,SEA,0,0,,,,,,,,,,,,,,,,,0,0,Brady Russell,,0,0
404,Cody White,WR,SEA,0,-,,,,,,,,,,,,,,,,,0,0,Cody White,,0,0
404,Travis Vokolek,TE,ARI,0,0,,,,,,,,,,,,,,,,,0,0,Travis Vokolek,,0,0
404,Gunner Olszewski,WR,NYG,0,0,,,,,,,,,,,,,,,,,0,0,Gunner Olszewski,WR:NYG,0,0
404,Hassan Haskins,RB,LAC,0,0,,,,,,,,,,,,,,,,,0,0,Hassan Haskins,,0,0
404,Alex Bachman,WR,LV,0,0,,,,,,,,,,,,,,,,,0,0,Alex Bachman,,0,0
404,Jack Westover,TE,NE,0,0,,,,,,,,,,,,,,,,,0,0,Jack Westover,,0,0
404,Scotty Miller,WR,PIT,0,0,,,,,,,,,,,,,,,,,0,0,Scotty Miller,,0,0
404,Colson Yankoff,TE,WAS,0,0,,,,,,,,,,,,,,,,,0,0,Colson Yankoff,,0,0
404,David Martin-Robinson,TE,TEN,0,-,,,,,,,,,,,,,,,,,0,0,David Martin-Robinson,,0,0
404,David Sills V,WR,ATL,0,0,,,,,,,,,,,,,,,,,0,0,David Sills V,,0,0
404,Robbie Ouzts,TE,SEA,0,0,,,,,,,,,,,,,,,,,0,0,Robbie Ouzts,,0,0
404,Ben Yurosek,TE,MIN,0,0,,,,,,,,,,,,,,,,,0,0,Ben Yurosek,,0,0
404,DeAndre Carter,WR,CLE,0,0,,,,,,,,,,,,,,,,,0,0,DeAndre Carter,,0,0
404,KhaDarel Hodge,WR,ATL,0,0,,,,,,,,,,,,,,,,,0,0,KhaDarel Hodge,,0,0
404,Russell Gage Jr.,WR,SF,0,-,,,,,,,,,,,,,,,,,0,0,Russell Gage Jr.,,0,0
404,Tim Patrick,WR,JAC,0,0,,,,,,,,,,,,,,,,,0,0,Tim Patrick,,0,0
404,Jamal Agnew,WR,ATL,0,-,,,,,,,,,,,,,,,,,0,0,Jamal Agnew,,0,0
404,Shane Zylstra,TE,DET,0,-,,,,,,,,,,,,,,,,,0,0,Shane Zylstra,,0,0
404,Jack Stoll,TE,NO,0,0,,,,,,,,,,,,,,,,,0,0,Jack Stoll,,0,0
404,Xavier Worthy,WR,KC,0,-,,,,,,,,,,,,,,,,,0,0,Xavier Worthy,WR:KC,0,0
404,Moliki Matavao,TE,NO,0,0,,,,,,,,,,,,,,,,,0,0,Moliki Matavao,,0,0
404,Tyrell Shavers,WR,BUF,0,0,,,,,,,,,,,,,,,,,0,0,Tyrell Shavers,,0,0
404,Jason Brownlee,WR,KC,0,0,,,,,,,,,,,,,,,,,0,0,Jason Brownlee,WR:KC,0,0
404,Emari Demercado,RB,ARI,0,0,,,,,,,,,,,,,,,,,0,0,Emari Demercado,,0,0
404,Jacob Saylors,RB,DET,0,0,,,,,,,,,,,,,,,,,0,0,Jacob Saylors,,0,0
404,Hunter Luepke,RB,DAL,0,0,,,,,,,,,,,,,,,,,0,0,Hunter Luepke,,0,0
404,Charlie Jones,WR,CIN,0,0,,,,,,,,,,,,,,,,,0,0,Charlie Jones,,0,0
404,Marquez Valdes-Scantling,WR,SF,0,0,,,,,,,,,,,,,,,,,0,0,Marquez Valdes-Scantling,,0,0
404,Tahj Brooks,RB,CIN,0,0,,,,,,,,,,,,,,,,,0,0,Tahj Brooks,,0,0
404,Isaac Guerendo,RB,SF,0,0,,,,,,,,,,,,,,,,,0,0,Isaac Guerendo,,0,0
404,KeAndre Lambert-Smith,WR,LAC,0,0,,,,,,,,,,,,,,,,,0,0,KeAndre Lambert-Smith,,0,0
404,Chris Manhertz,TE,NYG,0,0,,,,,,,,,,,,,,,,,0,0,Chris Manhertz,TE:NYG,0,0
404,Velus Jones Jr.,WR,NO,0,-,,,,,,,,,,,,,,,,,0,0,Velus Jones Jr.,,0,0
404,Robert Tonyan,TE,KC,0,0,,,,,,,,,,,,,,,,,0,0,Robert Tonyan,TE:KC,0,0
404,Justin Shorter,WR,LV,0,-,,,,,,,,,,,,,,,,,0,0,Justin Shorter,,0,0
404,Bo Melton,WR,GB,0,-,,,,,,,,,,,,,,,,,0,0,Bo Melton,,0,0
404,Skyy Moore,WR,SF,0,0,,,,,,,,,,,,,,,,,0,0,Skyy Moore,,0,0
404,Andrew Beck,TE,NYJ,0,0,,,,,,,,,,,,,,,,,0,0,Andrew Beck,,0,0
404,John Bates,TE,WAS,0,0,,,,,,,,,,,,,,,,,0,0,John Bates,,0,0
404,Charlie Kolar,TE,BAL,0,0,,,,,,,,,,,,,,,,,0,0,Charlie Kolar,,0,0
404,Charlie Woerner,TE,ATL,0,0,,,,,,,,,,,,,,,,,0,0,Charlie Woerner,,0,0
404,Eric Saubert,TE,SEA,0,0,,,,,,,,,,,,,,,,,0,0,Eric Saubert,,0,0
404,Ryan Flournoy,WR,DAL,-,0,,,,,,,,,,,,,,,,,0,0,Ryan Flournoy,,0,0
404,Tim Jones,WR,MIN,0,0,,,,,,,,,,,,,,,,,0,0,Tim Jones,,0,0
404,Durham Smythe,TE,CHI,0,0,,,,,,,,,,,,,,,,,0,0,Durham Smythe,,0,0
404,Ian Thomas,TE,LV,0,0,,,,,,,,,,,,,,,,,0,0,Ian Thomas,,0,0
404,Johnny Mundt,TE,JAC,0,0,,,,,,,,,,,,,,,,,0,0,Johnny Mundt,,0,0
500,Kaleb Johnson,RB,PIT,-0.2,0.1,,,,,,,,,,,,,,,,,-0.1,-0.1,Kaleb Johnson,,-0.2,0.1
501,Arian Smith,WR,NYJ,0,-0.2,,,,,,,,,,,,,,,,,-0.1,-0.2,Arian Smith,,-0.2,0
502,Jaxson Dart,QB,NYG,-,-0.3,,,,,,,,,,,,,,,,,-0.3,-0.3,Jaxson Dart,QB:NYG,-0.3,-0.3
503,Cooper Rush,QB,BAL,-,-0.4,,,,,,,,,,,,,,,,,-0.4,-0.4,Cooper Rush,,-0.4,-0.4
504,Myles Price,WR,MIN,0,-2,,,,,,,,,,,,,,,,,-1,-2,Myles Price,,-2,0
504,Xavier Gipson,WR,NYG,-2,-,,,,,,,,,,,,,,,,,-2,-2,Xavier Gipson,WR:NYG,-2,-2
506,Colby Parkinson,TE,LAR,-2.6,-,,,,,,,,,,,,,,,,,-2.6,-2.6,Colby Parkinson,,-2.6,-2.6
