MVP - 1.5X Points,AnyFLEX,AnyFLEX,AnyFLEX,AnyFLEX,AnyFLEX
120474-147315:Jayden Higgins,120474-119788:Xavier Hutchinson,120474-55042:Dalton Schultz,120474-27477:Sterling Shepard,120474-86811:Cade Otton,120474-32384:Mike Evans
120474-119788:Xavier Hutchinson,120474-55042:Dalton Schultz,120474-27477:Sterling Shepard,120474-86811:Cade Otton,120474-32384:Mike Evans,120474-147315:Jayden Higgins
120474-147315:Jayden Higgins,120474-119788:Xavier Hutchinson,120474-55042:Dalton Schultz,120474-27477:Sterling Shepard,120474-86811:Cade Otton,120474-129471:C.J. Stroud
120474-147315:Jayden Higgins,120474-119788:Xavier Hutchinson,120474-12556:Houston Texans,120474-27477:Sterling Shepard,120474-86811:Cade Otton,120474-32384:Mike Evans
120474-86811:Cade Otton,120474-55042:Dalton Schultz,120474-27477:Sterling Shepard,120474-32384:Mike Evans,120474-119788:Xavier Hutchinson,120474-147315:Jayden Higgins
120474-119788:Xavier Hutchinson,120474-55042:Dalton Schultz,120474-27477:Sterling Shepard,120474-86811:Cade Otton,120474-129471:C.J. Stroud,120474-147315:Jayden Higgins
120474-119788:Xavier Hutchinson,120474-12556:Houston Texans,120474-27477:Sterling Shepard,120474-86811:Cade Otton,120474-32384:Mike Evans,120474-147315:Jayden Higgins
120474-27477:Sterling Shepard,120474-55042:Dalton Schultz,120474-32384:Mike Evans,120474-86811:Cade Otton,120474-119788:Xavier Hutchinson,120474-147315:Jayden Higgins
120474-147315:Jayden Higgins,120474-119788:Xavier Hutchinson,120474-55042:Dalton Schultz,120474-27477:Sterling Shepard,120474-86811:Cade Otton,120474-152664:Bucky Irving
120474-147315:Jayden Higgins,120474-119788:Xavier Hutchinson,120474-12556:Houston Texans,120474-27477:Sterling Shepard,120474-86811:Cade Otton,120474-129471:C.J. Stroud
